<?xml version="1.0" encoding="UTF-8"?>
<window>
	<defaultcontrol always="true">9000</defaultcontrol>
	<menucontrol>9051</menucontrol>
	<onload>SetProperty(Window.HasSettings,True,home)</onload>
	<onload>ClearProperty(MediaMenu,Home)</onload>
	<onunload>ClearProperty(MediaMenu,Home)</onunload>
	<onunload>ClearProperty(Window.HasSettings,Home)</onunload>
	<onunload>RunScript(script.skinshortcuts,type=buildxml&amp;mode=single&amp;options=clonewidgets&amp;mainmenuID=9000&amp;group=mainmenu|quicknav)</onunload>
	<controls>
		<include>CommonBackground</include>
		<control type="group">
			<left>0</left>
			<top>180</top>
			<include>Animation.Common</include>
			<control type="list" id="9000">
				<left>82</left>
				<top>0</top>
				<width>356</width>
				<height>840</height>
				<onleft>SetProperty(MediaMenu,True,home)</onleft>
				<onleft>SetFocus(9050,7)</onleft>
				<onright condition="!Container(9000).HasFocus(9)">9010</onright>
				<onup>9000</onup>
				<ondown>9000</ondown>
				<pagecontrol />
				<scrolltime tween="quadratic" easing="out">200</scrolltime>
				<visible>!Window.IsActive(script-skinshortcuts.xml)</visible>
				<include>SettingsFadeEffect</include>
				<itemlayout height="90" width="356">
					<control type="label">
						<width>356</width>
						<height>90</height>
						<font>font15</font>
						<textoffsetx>20</textoffsetx>
						<selectedcolor>$VAR[ColorHighlightVar]</selectedcolor>
						<align>right</align>
						<label>$INFO[ListItem.Label]</label>
					</control>
				</itemlayout>
				<focusedlayout height="90" width="356">
					<control type="image">
						<animation effect="fade" time="50" start="100" end="50" condition="!Control.HasFocus(9000)">Conditional</animation>
						<width>356</width>
						<height>90</height>
						<texture border="5">listselect_fo.png</texture>
						<colordiffuse>$VAR[ColorHighlightVar]</colordiffuse>
						<include>VisibleFadeEffect</include>
					</control>
					<control type="label">
						<width>356</width>
						<height>90</height>
						<font>font15</font>
						<textoffsetx>20</textoffsetx>
						<align>right</align>
						<label>$INFO[ListItem.Label]</label>
					</control>
				</focusedlayout>
				<content>
					<item id="1">
						<label>513</label>
						<onclick>noop</onclick>
						<icon />
					</item>
					<item id="2">
						<label>31223</label>
						<onclick>noop</onclick>
						<icon />
					</item>
					<item id="3">
						<label>33069</label>
						<onclick>noop</onclick>
						<icon />
					</item>
					<item id="4">
						<label>16000</label>
						<onclick>noop</onclick>
						<icon />
					</item>
					<item id="5">
						<label>31009</label>
						<onclick>noop</onclick>
						<icon />
					</item>
					<item id="6">
						<label>31014</label>
						<onclick>noop</onclick>
						<icon />
					</item>
					<item id="7">
						<label>10038</label>
						<onclick>noop</onclick>
						<icon />
					</item>
					<item id="8">
						<label>31195</label>
						<onclick>noop</onclick>
						<icon />
					</item>
				</content>
			</control>
			<control type="textbox">
				<description>description area</description>
				<left>552</left>
				<top>742</top>
				<width>1256</width>
				<height>140</height>
				<font>font15_textbox</font>
				<textcolor>$VAR[ColorHighlightVar]</textcolor>
				<label>$VAR[SkinSettingsDescriptionVar]</label>
				<autoscroll time="3000" delay="4000" repeat="5000">true</autoscroll>
				<animation effect="fade" start="0" end="100" time="300" tween="sine" easing="inout">Visible</animation>
				<animation effect="fade" start="100" end="0" time="0" tween="sine" easing="inout">Hidden</animation>
				<visible>!Window.IsActive(script-skinshortcuts.xml)</visible>
			</control>
			<control type="group" id="9010">
				<visible>!Window.IsActive(script-skinshortcuts.xml)</visible>
				<include>SettingsFadeEffect</include>
				<control type="grouplist" id="9001">
					<description>Home window control area</description>
					<left>522</left>
					<top>0</top>
					<width>1316</width>
					<height>720</height>
					<itemgap>0</itemgap>
					<onleft>9000</onleft>
					<onright>9000</onright>
					<onup>9001</onup>
					<ondown>9001</ondown>
					<visible>Container(9000).HasFocus(1)</visible>
					<control type="button" id="100">
						<include>SkinSettingsButtonDefaults</include>
						<label>31911</label>
						<onclick>RunScript(script.skinshortcuts,type=manage&amp;group=mainmenu)</onclick>
					</control>
					<control type="button" id="102">
						<include>SkinSettingsButtonDefaults</include>
						<label>31096</label>
						<onclick>RunScript(script.skinshortcuts,type=resetall)</onclick>
					</control>
					<control type="button" id="101">
						<include>SkinSettingsButtonDefaults</include>
						<label>31018</label>
						<label2>$VAR[MenuOrientationVar]</label2>
						<onclick>Skin.ToggleSetting(Enable.HorizontalMenu)</onclick>
					</control>
					<control type="radiobutton" id="105">
						<include>SkinSettingsButtonDefaults</include>
						<label>31231</label>
						<onclick>Skin.ToggleSetting(Enable.CombineMenus)</onclick>
						<selected>Skin.HasSetting(Enable.CombineMenus)</selected>
						<enable>!Skin.HasSetting(Enable.HorizontalMenu)</enable>
					</control>
					<control type="radiobutton" id="104">
						<include>SkinSettingsButtonDefaults</include>
						<label>31236</label>
						<onclick>Skin.ToggleSetting(Disable.WidgetLimit)</onclick>
						<selected>!Skin.HasSetting(Disable.WidgetLimit)</selected>
					</control>
				</control>
				<control type="list" id="9007">
					<visible>Container(9000).HasFocus(2)</visible>
					<left>522</left>
					<top>0</top>
					<width>1316</width>
					<height>720</height>
					<onleft>9000</onleft>
					<onright>60</onright>
					<onup>9007</onup>
					<ondown>9007</ondown>
					<viewtype label="535">list</viewtype>
					<pagecontrol>60</pagecontrol>
					<preloaditems>2</preloaditems>
					<scrolltime tween="quadratic" easing="out">200</scrolltime>
					<itemlayout height="90" width="1316">
						<control type="image">
							<left>10</left>
							<top>10</top>
							<width>70</width>
							<height>70</height>
							<aspectratio scalediffuse="false">keep</aspectratio>
							<texture background="true" fallback="DefaultAddon.png" diffuse="diffuse/list-icon.png">$INFO[ListItem.Icon]</texture>
						</control>
						<control type="label">
							<textoffsetx>100</textoffsetx>
							<include>SkinSettingsButtonDefaults</include>
							<label>$INFO[ListItem.Label] $INFO[ListItem.Label2,(,)]</label>
						</control>
						<control type="label">
							<include>SkinSettingsButtonDefaults</include>
							<align>right</align>
							<label>31165</label>
							<visible>!String.IsEmpty(ListItem.Label2)</visible>
						</control>
						<control type="label">
							<include>SkinSettingsButtonDefaults</include>
							<align>right</align>
							<label>31166</label>
							<visible>String.IsEmpty(ListItem.Label2)</visible>
						</control>
					</itemlayout>
					<focusedlayout height="90" width="1316">
						<control type="image">
							<width>1316</width>
							<height>90</height>
							<texture border="5" colordiffuse="$VAR[ColorHighlightVar]">listselect_fo.png</texture>
							<visible>Control.HasFocus(9007)</visible>
						</control>
						<control type="image">
							<left>10</left>
							<top>10</top>
							<width>70</width>
							<height>70</height>
							<aspectratio scalediffuse="false">keep</aspectratio>
							<texture background="true" fallback="DefaultAddon.png" diffuse="diffuse/list-icon.png">$INFO[ListItem.Icon]</texture>
						</control>
						<control type="label">
							<textoffsetx>100</textoffsetx>
							<include>SkinSettingsButtonDefaults</include>
							<label>$INFO[ListItem.Label] $INFO[ListItem.Label2,(,)]</label>
						</control>
						<control type="label">
							<include>SkinSettingsButtonDefaults</include>
							<align>right</align>
							<label>31165</label>
							<visible>!String.IsEmpty(ListItem.Label2)</visible>
						</control>
						<control type="label">
							<include>SkinSettingsButtonDefaults</include>
							<align>right</align>
							<label>31166</label>
							<visible>String.IsEmpty(ListItem.Label2)</visible>
						</control>
					</focusedlayout>
					<content>
						<item id="1">
							<icon>$INFO[System.AddonIcon(script.artistslideshow)]</icon>
							<label>31170</label>
			                <label2>$INFO[System.AddonVersion(script.artistslideshow)]</label2>
			                <onclick condition="System.HasAddon(script.artistslideshow)">Addon.OpenSettings(script.artistslideshow)</onclick>
			                <onclick condition="!System.HasAddon(script.artistslideshow)">InstallAddon(script.artistslideshow)</onclick>
			            </item>
			            <item id="2">
							<icon>$INFO[System.AddonIcon(script.artwork.downloader)]</icon>
							<label>31225</label>
		                    <label2>$INFO[System.AddonVersion(script.artwork.downloader)]</label2>
		                    <onclick condition="System.HasAddon(script.artwork.downloader)">Addon.OpenSettings(script.artwork.downloader)</onclick>
		                    <onclick condition="!System.HasAddon(script.artwork.downloader)">InstallAddon(script.artwork.downloader)</onclick>
			            </item>
			            <item id="3">
							<icon>$INFO[System.AddonIcon(plugin.program.autocompletion)]</icon>
							<label>31144</label>
		                    <label2>$INFO[System.AddonVersion(plugin.program.autocompletion)]</label2>
		                    <onclick condition="System.HasAddon(plugin.program.autocompletion)">Addon.OpenSettings(plugin.program.autocompletion)</onclick>
		                    <onclick condition="!System.HasAddon(plugin.program.autocompletion)">InstallAddon(plugin.program.autocompletion)</onclick>
			            </item>
			            <item id="4">
							<icon>$INFO[System.AddonIcon(script.colorbox)]</icon>
							<label>31171</label>
		                    <label2>$INFO[System.AddonVersion(script.colorbox)]</label2>
		                    <onclick condition="System.HasAddon(script.colorbox)">Addon.OpenSettings(script.colorbox)</onclick>
		                    <onclick condition="!System.HasAddon(script.colorbox)">InstallAddon(script.colorbox)</onclick>
			            </item>
			            <item id="22">
							<icon>$INFO[System.AddonIcon(resource.images.moviecountryicons.maps)]</icon>
							<label>31278</label>
		                    <label2>$INFO[System.AddonVersion(resource.images.moviecountryicons.maps)]</label2>
		                    <onclick condition="System.HasAddon(resource.images.moviecountryicons.maps)">Addon.OpenSettings(resource.images.moviecountryicons.maps)</onclick>
		                    <onclick condition="!System.HasAddon(resource.images.moviecountryicons.maps)">InstallAddon(resource.images.moviecountryicons.maps)</onclick>
			            </item>
			            <item id="23">
							<icon>$INFO[System.AddonIcon(script.cu.lrclyrics)]</icon>
							<label>31060</label>
		                    <label2>$INFO[System.AddonVersion(script.cu.lrclyrics)]</label2>
		                    <onclick condition="System.HasAddon(script.cu.lrclyrics)">Addon.OpenSettings(script.cu.lrclyrics)</onclick>
		                    <onclick condition="!System.HasAddon(script.cu.lrclyrics)">InstallAddon(script.cu.lrclyrics)</onclick>
			            </item>
			            <item id="5">
							<icon>$INFO[System.AddonIcon(script.extendedinfo)]</icon>
							<label>31172</label>
		                    <label2>$INFO[System.AddonVersion(script.extendedinfo)]</label2>
		                    <onclick condition="System.HasAddon(script.extendedinfo)">Addon.OpenSettings(script.extendedinfo)</onclick>
		                    <onclick condition="!System.HasAddon(script.extendedinfo)">InstallAddon(script.extendedinfo)</onclick>
			            </item>
			            <item id="6">
							<icon>$INFO[System.AddonIcon(script.globalsearch)]</icon>
							<label>31173</label>
		                    <label2>$INFO[System.AddonVersion(script.globalsearch)]</label2>
		                    <onclick condition="System.HasAddon(script.globalsearch)">Addon.OpenSettings(script.globalsearch)</onclick>
		                    <onclick condition="!System.HasAddon(script.globalsearch)">InstallAddon(script.globalsearch)</onclick>
			            </item>
			            <item id="7">
							<icon>$INFO[System.AddonIcon(script.image.resource.select)]</icon>
							<label>31175</label>
		                    <label2>$INFO[System.AddonVersion(script.image.resource.select)]</label2>
		                    <onclick condition="System.HasAddon(script.image.resource.select)">Addon.OpenSettings(script.image.resource.select)</onclick>
		                    <onclick condition="!System.HasAddon(script.image.resource.select)">InstallAddon(script.image.resource.select)</onclick>
			            </item>
			            <item id="8">
							<icon>$INFO[System.AddonIcon(script.lazytv)]</icon>
							<label>31224</label>
		                    <label2>$INFO[System.AddonVersion(script.lazytv)]</label2>
		                    <onclick condition="System.HasAddon(script.lazytv)">Addon.OpenSettings(script.lazytv)</onclick>
		                    <onclick condition="!System.HasAddon(script.lazytv)">InstallAddon(script.lazytv)</onclick>
			            </item>
			            <item id="9">
							<icon>$INFO[System.AddonIcon(service.library.data.provider)]</icon>
							<label>31176</label>
		                    <label2>$INFO[System.AddonVersion(service.library.data.provider)]</label2>
		                    <onclick condition="System.HasAddon(service.library.data.provider)">Addon.OpenSettings(service.library.data.provider)</onclick>
		                    <onclick condition="!System.HasAddon(service.library.data.provider)">InstallAddon(service.library.data.provider)</onclick>
			            </item>
			            <item id="10">
							<icon>$INFO[System.AddonIcon(service.nextup.notification)]</icon>
							<label>31177</label>
		                    <label2>$INFO[System.AddonVersion(service.nextup.notification)]</label2>
		                    <onclick condition="System.HasAddon(service.nextup.notification)">Addon.OpenSettings(service.nextup.notification)</onclick>
		                    <onclick condition="!System.HasAddon(service.nextup.notification)">InstallAddon(service.nextup.notification)</onclick>
			            </item>
			            <item id="17">
							<icon>$INFO[System.AddonIcon(script.playalbum)]</icon>
							<label>31192</label>
		                    <label2>$INFO[System.AddonVersion(script.playalbum)]</label2>
		                    <onclick condition="System.HasAddon(script.playalbum)">Addon.OpenSettings(script.playalbum)</onclick>
		                    <onclick condition="!System.HasAddon(script.playalbum)">InstallAddon(script.playalbum)</onclick>
			            </item>
			            <item id="11">
							<icon>$INFO[System.AddonIcon(script.ratingupdate)]</icon>
							<label>31226</label>
		                    <label2>$INFO[System.AddonVersion(script.ratingupdate)]</label2>
		                    <onclick condition="System.HasAddon(script.ratingupdate)">Addon.OpenSettings(script.ratingupdate)</onclick>
		                    <onclick condition="!System.HasAddon(script.ratingupdate)">InstallAddon(script.ratingupdate)</onclick>
			            </item>
			            <item id="12">
							<icon>$INFO[System.AddonIcon(script.skin.helper.service)]</icon>
							<label>31179</label>
		                    <label2>$INFO[System.AddonVersion(script.skin.helper.service)]</label2>
		                    <onclick condition="System.HasAddon(script.skin.helper.service)">Addon.OpenSettings(script.skin.helper.service)</onclick>
		                    <onclick condition="!System.HasAddon(script.skin.helper.service)">InstallAddon(script.skin.helper.service)</onclick>
			            </item>
			            <item id="20">
							<icon>$INFO[System.AddonIcon(script.skin.helper.backgrounds)]</icon>
							<label>31230</label>
		                    <label2>$INFO[System.AddonVersion(script.skin.helper.backgrounds)]</label2>
		                    <onclick condition="System.HasAddon(script.skin.helper.backgrounds)">Addon.OpenSettings(script.skin.helper.backgrounds)</onclick>
		                    <onclick condition="!System.HasAddon(script.skin.helper.backgrounds)">InstallAddon(script.skin.helper.backgrounds)</onclick>
			            </item>
			            <item id="16">
							<icon>$INFO[System.AddonIcon(script.skin.helper.colorpicker)]</icon>
							<label>31074</label>
		                    <label2>$INFO[System.AddonVersion(script.skin.helper.colorpicker)]</label2>
		                    <onclick condition="System.HasAddon(script.skin.helper.colorpicker)">Addon.OpenSettings(script.skin.helper.colorpicker)</onclick>
		                    <onclick condition="!System.HasAddon(script.skin.helper.colorpicker)">InstallAddon(script.skin.helper.colorpicker)</onclick>
			            </item>
			            <item id="18">
							<icon>$INFO[System.AddonIcon(script.skin.helper.skinbackup)]</icon>
							<label>31128</label>
		                    <label2>$INFO[System.AddonVersion(script.skin.helper.skinbackup)]</label2>
		                    <onclick condition="System.HasAddon(script.skin.helper.skinbackup)">Addon.OpenSettings(script.skin.helper.skinbackup)</onclick>
		                    <onclick condition="!System.HasAddon(script.skin.helper.skinbackup)">InstallAddon(script.skin.helper.skinbackup)</onclick>
			            </item>
			            <item id="19">
							<icon>$INFO[System.AddonIcon(script.skin.helper.widgets)]</icon>
							<label>31203</label>
		                    <label2>$INFO[System.AddonVersion(script.skin.helper.widgets)]</label2>
		                    <onclick condition="System.HasAddon(script.skin.helper.widgets)">Addon.OpenSettings(script.skin.helper.widgets)</onclick>
		                    <onclick condition="!System.HasAddon(script.skin.helper.widgets)">InstallAddon(script.skin.helper.widgets)</onclick>
			            </item>
			            <item id="13">
							<icon>$INFO[System.AddonIcon(script.skinshortcuts)]</icon>
							<label>31180</label>
		                    <label2>$INFO[System.AddonVersion(script.skinshortcuts)]</label2>
		                    <onclick condition="System.HasAddon(script.skinshortcuts)">Addon.OpenSettings(script.skinshortcuts)</onclick>
		                    <onclick condition="!System.HasAddon(script.skinshortcuts)">InstallAddon(script.skinshortcuts)</onclick>
			            </item>
			            <item id="21">
							<icon>$INFO[System.AddonIcon(resource.images.studios.squarehd)]</icon>
							<label>31240</label>
		                    <label2>$INFO[System.AddonVersion(resource.images.studios.squarehd)]</label2>
		                    <onclick condition="System.HasAddon(resource.images.studios.squarehd)">Addon.OpenSettings(resource.images.studios.squarehd)</onclick>
		                    <onclick condition="!System.HasAddon(resource.images.studios.squarehd)">InstallAddon(resource.images.studios.squarehd)</onclick>
			            </item>
			            <item id="14">
							<icon>$INFO[System.AddonIcon(resource.images.studios.white)]</icon>
							<label>31181</label>
		                    <label2>$INFO[System.AddonVersion(resource.images.studios.white)]</label2>
		                    <onclick condition="System.HasAddon(resource.images.studios.white)">Addon.OpenSettings(resource.images.studios.white)</onclick>
		                    <onclick condition="!System.HasAddon(resource.images.studios.white)">InstallAddon(resource.images.studios.white)</onclick>
			            </item>
			            <item id="15">
							<icon>$INFO[System.AddonIcon(script.toolbox)]</icon>
							<label>31182</label>
		                    <label2>$INFO[System.AddonVersion(script.toolbox)]</label2>
		                    <onclick condition="System.HasAddon(script.toolbox)">Addon.OpenSettings(script.toolbox)</onclick>
		                    <onclick condition="!System.HasAddon(script.toolbox)">InstallAddon(script.toolbox)</onclick>
			            </item>
			            <item id="15">
							<icon>$INFO[System.AddonIcon(context.youtube.browser)]</icon>
							<label>31132</label>
		                    <label2>$INFO[System.AddonVersion(context.youtube.browser)]</label2>
		                    <onclick condition="System.HasAddon(context.youtube.browser)">Addon.OpenSettings(context.youtube.browser)</onclick>
		                    <onclick condition="!System.HasAddon(context.youtube.browser)">InstallAddon(context.youtube.browser)</onclick>
			            </item>
					</content>
				</control>
				<control type="grouplist" id="9006">
					<description>Backgrounds control area</description>
					<left>522</left>
					<top>0</top>
					<width>1316</width>
					<height>720</height>
					<itemgap>0</itemgap>
					<onleft>9000</onleft>
					<onright>9000</onright>
					<onup>9006</onup>
					<ondown>9006</ondown>
					<visible>Container(9000).HasFocus(3)</visible>
					<control type="button" id="601">
						<include>SkinSettingsButtonDefaults</include>
						<label>31115</label>
						<label2>$INFO[Skin.String(CustomBackground)]</label2>
						<onclick>Skin.SetImage(CustomBackground,special://skin/backgrounds)</onclick>
					</control>
					<control type="button" id="604">
						<include>SkinSettingsButtonDefaults</include>
						<label>- $LOCALIZE[10035]</label>
						<onclick>Skin.Reset(CustomBackground)</onclick>
						<visible>!String.IsEmpty(Skin.String(CustomBackground))</visible>
					</control>
					<control type="button" id="607">
						<include>SkinSettingsButtonDefaults</include>
						<label>31276</label>
						<label2>$INFO[Skin.String(CustomOverlay)]</label2>
						<onclick>Skin.SetImage(CustomOverlay,special://skin/overlays)</onclick>
					</control>
					<control type="button" id="608">
						<include>SkinSettingsButtonDefaults</include>
						<label>- $LOCALIZE[10035]</label>
						<onclick>Skin.Reset(CustomOverlay)</onclick>
						<visible>!String.IsEmpty(Skin.String(CustomOverlay))</visible>
					</control>
					<control type="button" id="605">
						<include>SkinSettingsButtonDefaults</include>
						<label>31163</label>
						<label2>$INFO[Skin.String(CustomHomeSlideshow)]</label2>
						<onclick>Skin.SetPath(CustomHomeSlideshow)</onclick>
					</control>
					<control type="button" id="606">
						<include>SkinSettingsButtonDefaults</include>
						<label>- $LOCALIZE[10035]</label>
						<onclick>Skin.Reset(CustomHomeSlideshow)</onclick>
						<visible>!String.IsEmpty(Skin.String(CustomHomeSlideshow))</visible>
					</control>
					<control type="radiobutton" id="602">
						<include>SkinSettingsButtonDefaults</include>
						<label>31124</label>
						<onclick>Skin.ToggleSetting(Disable.ShowBackgroundVideo)</onclick>
						<selected>!Skin.HasSetting(Disable.ShowBackgroundVideo)</selected>
					</control>
					<control type="radiobutton" id="603">
						<include>SkinSettingsButtonDefaults</include>
						<label>31125</label>
						<onclick>Skin.ToggleSetting(Disable.ShowBackgroundVis)</onclick>
						<selected>!Skin.HasSetting(Disable.ShowBackgroundVis)</selected>
					</control>
				</control>
				<control type="grouplist" id="9002">
					<description>General control area</description>
					<left>522</left>
					<top>0</top>
					<width>1316</width>
					<height>720</height>
					<itemgap>0</itemgap>
					<onleft>9000</onleft>
					<onright>9000</onright>
					<onup>9002</onup>
					<ondown>9002</ondown>
					<visible>Container(9000).HasFocus(4)</visible>
					<control type="radiobutton" id="200">
						<include>SkinSettingsButtonDefaults</include>
						<label>20189</label>
						<onclick>Skin.ToggleSetting(Disable.AutoScroll)</onclick>
						<selected>!Skin.HasSetting(Disable.AutoScroll)</selected>
					</control>
					<control type="button" id="201">
						<include>SkinSettingsButtonDefaults</include>
						<label>31931</label>
						<label2>$VAR[VideoPlotLocalizeVar]</label2>
						<onclick>Skin.ToggleSetting(VideoInfoPlotToggle)</onclick>
					</control>
					<control type="radiobutton" id="202">
						<include>SkinSettingsButtonDefaults</include>
						<label>31238</label>
						<onclick>Skin.ToggleSetting(Enable.MediaFlags)</onclick>
						<selected>Skin.HasSetting(Enable.MediaFlags)</selected>
					</control>
					<control type="radiobutton" id="207">
						<include>SkinSettingsButtonDefaults</include>
						<label>31250</label>
						<onclick>Skin.ToggleSetting(Disable.Quicknav)</onclick>
						<selected>!Skin.HasSetting(Disable.Quicknav)</selected>
					</control>
					<control type="radiobutton" id="208">
						<include>SkinSettingsButtonDefaults</include>
						<label>31251</label>
						<onclick>Skin.ToggleSetting(Disable.MainQuicknav)</onclick>
						<selected>!Skin.HasSetting(Disable.MainQuicknav)</selected>
						<enable>!Skin.HasSetting(Disable.Quicknav)</enable>
					</control>
					<control type="button" id="203">
						<include>SkinSettingsButtonDefaults</include>
						<label>31943</label>
						<onclick>ActivateWindow(1127)</onclick>
					</control>
					<control type="button" id="204">
						<description>Busy Loader Image</description>
                        <include>SkinSettingsButtonDefaults</include>
                        <label>31130</label>
                        <label2>$INFO[Skin.String(busyloader)]</label2>
                        <onclick>Skin.SetImage(busyloader,special://skin/extras/spinners)</onclick>
                    </control>
				</control>
				<control type="grouplist" id="9005">
					<description>Colors control area</description>
					<left>522</left>
					<top>0</top>
					<width>1316</width>
					<height>720</height>
					<itemgap>0</itemgap>
					<onleft>9000</onleft>
					<onright>9000</onright>
					<onup>9005</onup>
					<ondown>9005</ondown>
					<visible>Container(9000).HasFocus(5)</visible>
					<control type="button" id="502">
						<include>SkinSettingsButtonDefaults</include>
						<label>31211</label>
						<onclick condition="System.HasAddon(script.skin.helper.colorpicker)">RunScript(script.skin.helper.service,action=colorthemes)</onclick>
						<onclick condition="!System.HasAddon(script.skin.helper.colorpicker)">InstallAddon(script.skin.helper.colorpicker)</onclick>
					</control>
					<control type="button" id="503">
						<include>SkinSettingsButtonDefaults</include>
						<label>31212</label>
						<onclick condition="System.HasAddon(script.skin.helper.colorpicker)">RunScript(script.skin.helper.colorpicker,action=colorpicker,skinstring=highlightcolor.name,header=$LOCALIZE[31216])</onclick>
						<onclick condition="!System.HasAddon(script.skin.helper.colorpicker)">InstallAddon(script.skin.helper.colorpicker)</onclick>
					</control>
					<control type="button" id="504">
						<include>SkinSettingsButtonDefaults</include>
						<label>31213</label>
						<onclick condition="System.HasAddon(script.skin.helper.colorpicker)">RunScript(script.skin.helper.colorpicker,action=colorpicker,skinstring=backgroundcolor.name,header=$LOCALIZE[31217])</onclick>
						<onclick condition="!System.HasAddon(script.skin.helper.colorpicker)">InstallAddon(script.skin.helper.colorpicker)</onclick>
					</control>
					<control type="button" id="505">
						<include>SkinSettingsButtonDefaults</include>
						<label>31214</label>
						<onclick condition="System.HasAddon(script.skin.helper.colorpicker)">RunScript(script.skin.helper.colorpicker,action=colorpicker,skinstring=dialogcolor.name,header=$LOCALIZE[31218])</onclick>
						<onclick condition="!System.HasAddon(script.skin.helper.colorpicker)">InstallAddon(script.skin.helper.colorpicker)</onclick>
					</control>
					<control type="button" id="506">
						<include>SkinSettingsButtonDefaults</include>
						<label>31145</label>
						<onclick condition="System.HasAddon(script.skin.helper.colorpicker)">RunScript(script.skin.helper.colorpicker,action=colorpicker,skinstring=textcolor.name,header=$LOCALIZE[31146])</onclick>
						<onclick condition="!System.HasAddon(script.skin.helper.colorpicker)">InstallAddon(script.skin.helper.colorpicker)</onclick>
					</control>
					<control type="button" id="507">
						<include>SkinSettingsButtonDefaults</include>
						<label>31147</label>
						<onclick condition="System.HasAddon(script.skin.helper.colorpicker)">RunScript(script.skin.helper.colorpicker,action=colorpicker,skinstring=menucolor.name,header=$LOCALIZE[31148])</onclick>
						<onclick condition="!System.HasAddon(script.skin.helper.colorpicker)">InstallAddon(script.skin.helper.colorpicker)</onclick>
					</control>
					<control type="button" id="510">
						<include>SkinSettingsButtonDefaults</include>
						<label>31111</label>
						<onclick condition="System.HasAddon(script.skin.helper.colorpicker)">RunScript(script.skin.helper.colorpicker,action=colorpicker,skinstring=disabledcolor.name,header=$LOCALIZE[31112])</onclick>
						<onclick condition="!System.HasAddon(script.skin.helper.colorpicker)">InstallAddon(script.skin.helper.colorpicker)</onclick>
					</control>

				</control>
				<control type="grouplist" id="90050">
					<description>control area</description>
					<left>1761</left>
					<top>103</top>
					<width>64</width>
					<height>720</height>
					<itemgap>26</itemgap>
					<visible>Container(9000).HasFocus(5)</visible>
					<animation effect="fade" time="400" tween="" easing="" start="0" end="100">Visible</animation>
					<control type="image" id="5050">
						<width>64</width>
						<height>64</height>
						<texture border="5">white.png</texture>
						<colordiffuse>$INFO[Skin.String(highlightcolor.name)]</colordiffuse>
					</control>
					<control type="image" id="5051">
						<width>64</width>
						<height>64</height>
						<texture border="5">white.png</texture>
						<colordiffuse>$INFO[Skin.String(backgroundcolor.name)]</colordiffuse>
					</control>
					<control type="image" id="5052">
						<width>64</width>
						<height>64</height>
						<texture border="5">white.png</texture>
						<colordiffuse>$INFO[Skin.String(dialogcolor.name)]</colordiffuse>
					</control>
					<control type="image" id="5053">
						<width>64</width>
						<height>64</height>
						<texture border="5">white.png</texture>
						<colordiffuse>$INFO[Skin.String(textcolor.name)]</colordiffuse>
					</control>
					<control type="image" id="5054">
						<width>64</width>
						<height>64</height>
						<texture border="5">white.png</texture>
						<colordiffuse>$INFO[Skin.String(menucolor.name)]</colordiffuse>
					</control>
					<control type="image" id="5055">
						<width>64</width>
						<height>64</height>
						<texture border="5">white.png</texture>
						<colordiffuse>$INFO[Skin.String(disabledcolor.name)]</colordiffuse>
					</control>
				</control>
				<control type="grouplist" id="9003">
					<description>Extras control area</description>
					<left>522</left>
					<top>0</top>
					<width>1316</width>
					<height>720</height>
					<itemgap>0</itemgap>
					<onleft>9000</onleft>
					<onright>9000</onright>
					<onup>9003</onup>
					<ondown>9003</ondown>
					<visible>Container(9000).HasFocus(6)</visible>
					<control type="radiobutton" id="306">
						<description>Startup Playlist Path</description>
						<include>SkinSettingsButtonDefaults</include>
						<label>31254</label>
						<onclick>Skin.ToggleSetting(Use_Startup_Playlist)</onclick>
						<selected>Skin.HasSetting(Use_Startup_Playlist)</selected>
					</control>
					<control type="button" id="307">
						<description>Startup Playlist Path</description>
						<include>SkinSettingsButtonDefaults</include>
						<label>15311</label>
						<label2>$INFO[Skin.String(Startup_Playlist_Path)]</label2>
						<onclick>Skin.SetFile(Startup_Playlist_Path,,special://MusicPlaylists/)</onclick>
						<enable>Skin.HasSetting(Use_Startup_Playlist)</enable>
					</control>
					<control type="radiobutton" id="305">
						<include>SkinSettingsButtonDefaults</include>
						<label>31083</label>
						<onclick>Skin.ToggleSetting(Disable.NextAired)</onclick>
						<selected>!Skin.HasSetting(Disable.NextAired)</selected>
						<onclick condition="!System.HasAddon(script.tv.show.next.aired)">InstallAddon(script.tv.show.next.aired)</onclick>
					</control>
					<control type="radiobutton" id="312">
						<include>SkinSettingsButtonDefaults</include>
						<label>31135</label>
						<onclick>Skin.ToggleSetting(Disable.AutoComplete)</onclick>
						<onclick condition="!System.HasAddon(plugin.program.autocompletion)">InstallAddon(plugin.program.autocompletion)</onclick>
						<selected>!Skin.HasSetting(Disable.AutoComplete)</selected>
					</control>
					<control type="button" id="303">
						<include>SkinSettingsButtonDefaults</include>
						<label>31119</label>
						<onclick condition="System.HasAddon(script.toolbox)">RunScript(script.toolbox)</onclick>
						<onclick condition="!System.HasAddon(script.toolbox)">InstallAddon(script.toolbox)</onclick>
					</control>
					<!--<control type="button" id="303">
						<include>SkinSettingsButtonDefaults</include>
						<label>31119</label>
						<onclick condition="System.HasAddon(script.toolbox)">RunScript(script.toolbox,info=extrafanartmovie)</onclick>
						<onclick condition="!System.HasAddon(script.toolbox)">InstallAddon(script.toolbox)</onclick>
					</control>
					<control type="button" id="304">
						<include>SkinSettingsButtonDefaults</include>
						<label>31120</label>
						<onclick condition="System.HasAddon(script.toolbox)">RunScript(script.toolbox,info=extrafanarttvshow)</onclick>
						<onclick condition="!System.HasAddon(script.toolbox)">InstallAddon(script.toolbox)</onclick>
					</control>-->
				</control>
				<control type="grouplist" id="9004">
					<description>Advanced control area</description>
					<left>522</left>
					<top>0</top>
					<width>1316</width>
					<height>720</height>
					<itemgap>0</itemgap>
					<onleft>9000</onleft>
					<onright>9000</onright>
					<onup>9004</onup>
					<ondown>9004</ondown>
					<visible>Container(9000).HasFocus(7)</visible>
					<control type="radiobutton" id="402">
						<include>SkinSettingsButtonDefaults</include>
						<label>31941</label>
						<onclick>Skin.ToggleSetting(KioskMode.Enabled)</onclick>
						<selected>Skin.HasSetting(KioskMode.Enabled)</selected>
					</control>
					<control type="radiobutton" id="403">
						<include>SkinSettingsButtonDefaults</include>
						<label>31263</label>
						<onclick>Skin.ToggleSetting(Skin.ToggleDebug)</onclick>
						<onclick>Skin.ToggleDebug</onclick>
						<selected>Skin.HasSetting(Skin.ToggleDebug)</selected>
					</control>
					<control type="button" id="408">
						<include>SkinSettingsButtonDefaults</include>
						<label>31043</label>
						<onclick condition="System.HasAddon(script.skin.helper.skinbackup)">RunScript(script.skin.helper.skinbackup)</onclick>
						<onclick condition="!System.HasAddon(script.skin.helper.skinbackup)">InstallAddon(script.skin.helper.skinbackup)</onclick>
					</control>
					<control type="button" id="407">
						<include>SkinSettingsButtonDefaults</include>
						<label>31109</label>
						<onclick condition="System.HasAddon(script.skin.helper.skinbackup)">RunScript(script.skin.helper.skinbackup,action=reset)</onclick>
						<onclick condition="!System.HasAddon(script.skin.helper.skinbackup)">InstallAddon(script.skin.helper.skinbackup)</onclick>
					</control>
				</control>
				<control type="grouplist" id="9008">
					<description>About control area</description>
					<left>522</left>
					<top>0</top>
					<width>1316</width>
					<height>840</height>
					<itemgap>0</itemgap>
					<usecontrolcoords>true</usecontrolcoords>
					<visible>Container(9000).HasFocus(8)</visible>
					<control type="label">
						<width>1316</width>
						<height>120</height>
						<textoffsetx>30</textoffsetx>
						<font>WeatherTemp</font>
						<label>31196</label>
					</control>
					<control type="label">
						<width>1316</width>
						<height>45</height>
						<textoffsetx>30</textoffsetx>
						<textcolor>$VAR[ColorHighlightVar]</textcolor>
						<font>font15</font>
						<label>31197</label>
					</control>
					<control type="label">
						<width>1316</width>
						<height>45</height>
						<textoffsetx>30</textoffsetx>
						<textcolor>$VAR[ColorHighlightVar]</textcolor>
						<font>font15</font>
						<label>31198</label>
					</control>
					<control type="textbox">
						<top>30</top>
						<left>30</left>
						<width>1286</width>
						<height>600</height>
						<font>font13</font>
						<label>31199</label>
					</control>
				</control>
			</control>
		</control>
		<control type="scrollbar" id="60">
			<visible allowhiddenfocus="true">Control.HasFocus(60) | Container.Scrolling | Control.HasFocus(9007)</visible>
			<animation effect="fade" time="300" tween="sine" easing="inout" start="0" end="100">Visible</animation>
			<left>1910</left>
			<top>120</top>
			<width>10</width>
			<height>960</height>
			<onleft>9007</onleft>
			<onright>9000</onright>
			<ondown>60</ondown>
			<onup>60</onup>
		</control>
		<include>Topbar</include>
		<include>SettingsMediaMenu</include>
	</controls>
</window>