<?xml version="1.0" encoding="UTF-8"?>
    <addon id="repository.timanrebel" name="[COLOR blue]timanrebel[/COLOR]'s Add-ons" version="1.0.1" provider-name="timanrebel">
        <requires>
            <import addon="xbmc.addon" version="12.0.0"/>
        </requires>
        <extension point="xbmc.addon.repository" name="[COLOR blue]timanrebel[/COLOR]'s Add-ons">
            <info compressed="false">https://github.com/timanrebel/kodi-repository/raw/master/addons.xml</info>
            <checksum>https://github.com/timanrebel/kodi-repository/raw/master/addons.xml.md5</checksum>
            <datadir zip="true">https://github.com/timanrebel/kodi-repository/raw/master/</datadir>
            <hashes>false</hashes>
        </extension>
        <extension point="xbmc.addon.metadata">
            <summary>Install timanrebel's Add-ons</summary>
            <description>Download and install addons by timanrebel</description>
            <platform>all</platform>
    </extension>
</addon>
