<?xml version="1.0.1" encoding="UTF-8" standalone="yes"?>
<addon id="service.autoresume"
       name="AutoResume"
       version="10.7.5"
       provider-name="gatorfreak">
  <requires>
    <import addon="xbmc.python" version="2.1.0"/>
  </requires>
  <extension point="xbmc.service" start="startup" library="default.py"/>
  <extension point="xbmc.addon.metadata">
    <platform>all</platform>
    <summary>Automatically resume playback even after abrupt shutdown.</summary>
    <description>This service will automatically resume playback when XBMC starts. Even if the media was never stopped and XBMC was not shutdown (i.e. power was cut).</description>
  </extension>
</addon>
