<?xml version="1.0" encoding="utf-8"?><shortcuts>
	<shortcut>
		<defaultID>music</defaultID>
		<label>10005</label>
		<label2>Common Shortcut</label2>
		<icon>DefaultMusicAlbums.png</icon>
		<thumb>DefaultMusicAlbums.png</thumb>
		<action>ActivateWindow(Music)</action>
	</shortcut>
	<shortcut>
		<defaultID/>
		<label>Artists</label>
		<label2>Custom item</label2>
		<icon>DefaultShortcut.png</icon>
		<thumb/>
		<action>ActivateWindow(MusicLibrary,library://music/artists.xml,return)</action>
	</shortcut>
	<shortcut>
		<defaultID/>
		<label>Albums</label>
		<label2>Custom item</label2>
		<icon>DefaultShortcut.png</icon>
		<thumb/>
		<action>ActivateWindow(MusicLibrary,library://music/albums.xml,return)</action>
	</shortcut>
	<shortcut>
		<defaultID>radio</defaultID>
		<label>32087</label>
		<label2>Common Shortcut</label2>
		<icon>special://skin/extras/icons/remote.png</icon>
		<thumb/>
		<action>ActivateWindow(RadioGuide)</action>
	</shortcut>
	<shortcut>
		<defaultID>24001</defaultID>
		<label>24001</label>
		<label2>Settings</label2>
		<icon>special://skin/extras/icons/addon.png</icon>
		<thumb/>
		<action>ActivateWindow(AddonBrowser)</action>
	</shortcut>
	<shortcut>
		<defaultID>13000</defaultID>
		<label>13000</label>
		<label2>Common Shortcut</label2>
		<icon>special://skin/extras/icons/settings.png</icon>
		<thumb/>
		<action>ActivateWindow(Settings)</action>
	</shortcut>
</shortcuts>