<?xml version="1.0" encoding="utf-8"?><shortcuts>
	<shortcut>
		<label>$SKIN[31013|skin.refocus|Watchlist]</label>
		<label2>Movies</label2>
		<defaultID>31013</defaultID>
		<icon>VideoWatchlist.png</icon>
		<thumb/>
		<action>ActivateWindow(Videos,plugin://script.watchlist?type=movies,return)</action>
	</shortcut>
	<shortcut>
		<label>$SKIN[31705|skin.refocus|Recently Added]</label>
		<label2>Movies</label2>
		<defaultID>31705</defaultID>
		<icon>DefaultRecentlyAddedMovies.png</icon>
		<thumb/>
		<action>ActivateWindow(Videos,RecentlyAddedMovies,return)</action>
	</shortcut>
	<shortcut>
		<label>16101</label>
		<label2>Movies</label2>
		<defaultID>16101</defaultID>
		<icon>DefaultMovies.png</icon>
		<thumb/>
		<action>ActivateWindow(Videos,/Users/Jeroen/Library/Application Support/XBMC/addons/skin.refocus.dev/playlists/video/movies-unwatched.xsp,return))</action>
	</shortcut>
	<shortcut>
		<label>$SKIN[31015|skin.refocus|Trailers]</label>
		<label2>Movies</label2>
		<defaultID>31015</defaultID>
		<icon>DefaultMovies.png</icon>
		<thumb/>
		<action>ActivateWindow(Videos,plugin://plugin.video.the.trailers/,return)</action>
	</shortcut>
</shortcuts>