<?xml version="1.0" encoding="utf-8"?><shortcuts>
	<shortcut>
		<defaultID>133</defaultID>
		<label>133</label>
		<label2>Music</label2>
		<icon>DefaultShortcut.png</icon>
		<thumb>DefaultMusicArtists.png</thumb>
		<action>ActivateWindow(MusicLibrary,Artists,return)</action>
	</shortcut>
	<shortcut>
		<defaultID>132</defaultID>
		<label>132</label>
		<label2>Music</label2>
		<icon>DefaultShortcut.png</icon>
		<thumb>DefaultMusicAlbums.png</thumb>
		<action>ActivateWindow(MusicLibrary,Albums,return)</action>
	</shortcut>
	<shortcut>
		<defaultID>31705</defaultID>
		<label>$SKIN[31705|skin.refocus|Recently Added]</label>
		<label2>Music</label2>
		<icon>DefaultMusicRecentlyAdded.png</icon>
		<thumb/>
		<action>ActivateWindow(MusicLibrary,RecentlyAddedAlbums,return)</action>
	</shortcut>
	<shortcut>
		<defaultID>31016</defaultID>
		<label>$SKIN[31016|skin.refocus|Recently Played]</label>
		<label2>Music</label2>
		<icon>DefaultMusicRecentlyPlayed.png</icon>
		<thumb/>
		<action>ActivateWindow(MusicLibrary,RecentlyPlayedAlbums,return)</action>
	</shortcut>
	<shortcut>
		<defaultID>136</defaultID>
		<label>136</label>
		<label2>Music</label2>
		<icon>DefaultShortcut.png</icon>
		<thumb>DefaultMusicPlaylists.png</thumb>
		<action>ActivateWindow(MusicLibrary,Playlists,return)</action>
	</shortcut>
	<shortcut>
		<defaultID>musicvideos</defaultID>
		<label>20389</label>
		<label2>Common Shortcut</label2>
		<icon>DefaultMusicVideos.png</icon>
		<thumb/>
		<action>ActivateWindow(Videos,videodb://musicvideos/titles/,return)</action>
	</shortcut>
	<shortcut>
		<defaultID>24001</defaultID>
		<label>24001</label>
		<label2>Music</label2>
		<icon>DefaultAddonMusic.png</icon>
		<thumb/>
		<action>ActivateWindow(MusicLibrary,Addons,return)</action>
	</shortcut>
</shortcuts>